Model,R² Score,RMSE,MAE,Accuracy (%)
Random Forest,0.9999660312167312,2.3261897120328436,0.8414903172586427,99.12621359223301
Voting Ensemble,0.9999626744788652,2.438417548258751,1.036700283530634,62.048081368469724
Gradient Boosting,0.9999509067000342,2.7965091709050074,1.483441496506792,61.696717521960245
LightGBM,0.9998783109816692,4.402818969124925,1.9346874304190964,60.7628294036061
XGBoost,0.9998478312422283,4.923431305039341,1.807164310888688,61.34997688395747
Elastic Net,0.7795489950979853,187.39637107087853,88.45940670910518,10.841423948220065
